{"cameraMode":{"drawMode":0,"name":"Shaded","section":"Shading Mode"},"sceneLighting":true,"audioPlay":false,"sceneViewState":{"m_AlwaysRefresh":false,"showFog":true,"showSkybox":true,"showFlares":true,"showImageEffects":false,"showParticleSystems":true,"showVisualEffectGraphs":true,"m_FxEnabled":true},"in2DMode":false,"pivot":{"x":-6.557512283325195,"y":6.814570426940918,"z":20.941390991210939},"rotation":{"x":0.02361300215125084,"y":0.26350894570350649,"z":0.006877692881971598,"w":-0.9645469188690186},"size":8.040434837341309,"orthographic":false}